"id","category","difficulty","question","answer_a","answer_b","answer_c","answer_d","correct_answer","explanation","source"
"q001","Personnages","facile","Quel personnage est un Éliatrope au centre de la série Wakfu?","Yugo","Chibi","Adamai","Qilby","A","Yugo est le héros de la série Wakfu.","/pages/personnages/yugo/"
"q002","Personnages","facile","Qui est le frère dragon du dofus de Yugo?","Adamai","Grougaloragran","Grougalorasalar","Ignemikhal","A","Adamai est le dragon jumeau associé à Yugo.","/pages/personnages/adamai/"
"q003","Personnages","facile","Comment s'appelle le tofu de Yugo ?","Az","Oz","Huz","Izi","A","Il s'agit bien de Az, un tofu qui l'accompagne depuis sa naissance.","/pages/personnages/evangelyne/"
"q004","Personnages","facile","Quel personnage est lié au royaume Sadida?","Amalia Sheran Sharm","Zabel Sheran Sharm","Joris","Yugo","A","Amalia appartient à la famille royale Sadida.","/pages/personnages/amalia-sheran-sharm/"
"q005","Personnages","facile","Qui manie habituellement Rubilax?","Goultard","Tristepin","Rushu","Yugo","B","Tristepin est le gardien du Shushu Rubilax.","/pages/personnages/tristepin/"
"q006","Personnages","facile","Quel personnage est connu pour son lien avec les Kamas ?","Ruel Stroud","Arpagone","Miranda","Kabrok","A","On aurait pu penser à Miranda mais Ruel a un amour pour les kamas imbattable.","/pages/personnages/ruel-stroud/"
"q007","Personnages","facile","Quel antagoniste Xélor cherche à remonter le temps ?","Nox","Comte Harebourg","Dieu Xélor","Cadence","A","Nox accumule du Wakfu pour tenter d'alimenter l'éliacube et réparer son passé.","/pages/personnages/nox/"
"q008","Personnages","facile","Quel Éliatrope est associé à la trahison et à une obsession pour son peuple?","Qilby","Chibi","Glip","Balthazar","A","Qilby est un Éliatrope majeur dont les choix menacent les siens.","/pages/personnages/qilby/"
"q009","Personnages","moyen","Qui est le roi des Shushus ?","Rushu","Rasha","Medoroziam","Ombrage","A","Rushu domine le plan des démons.","/pages/personnages/rushu/"
"q010","Personnages","moyen","Qui a manipulé Ogrest ?","Dathura","Oropo","Dame Echo","Yugo","A","Dathura a été manipulé par Oropo pour qu'elle manipule Ogrest, donc c'est Dathura.","/pages/personnages/ogrest/"
"q011","Personnages","moyen","Qui a gelé Frigost ?","Comte Harebourg","Nox","Djaul","Katar","C","En vengeance pour ses plans, Djaul a maudit les terres du Comte Harebourg.","/pages/personnages/comte-harebourg/"
"q012","Personnages","moyen","Quelle Huppermage fait partie de la lignée de Joris ?","Bakara","Lilotte","Kérubim","Atcham","A","Bakara Jurgen appartient à la lignée des Jurgen.","/pages/personnages/bakara-jurgen/"
"q013","Personnages","moyen","Quel personnage est un héros souvent associé à la ville de Bonta et au devoir ?","Joris Jurgen","Khan Karkass","Yugo","Tristepin","A","Joris Jurgen est une figure centrale liée aux récits de Dofus.","/pages/personnages/joris-jurgen/"
"q014","Personnages","moyen","Quel personnage est un Éliotrope créé par Yugo?","Chibi","Bouillon","Balthazar","Nora","B","Bouillon est un frère Éliotrope d'Oropo, créé par Yugo.","/pages/personnages/oropo/"
"q015","Personnages","facile","Quel personnage est le dieu associé aux Zobals ?","Dieu Iop","Dieu Xélor","Dieu Sadida","Dieu Sram","C","Le Dieu Iop incarne la classe Iop.","/pages/personnages/dieu-sadida/"
"q016","Personnages","facile","Quel personnage est le dragon primordial de l'eau?","Aguabrial","Adamai","Aquadala","Skale","A","Aguabrial est un dragon primordial associé à l'élément de l'eau.","/pages/personnages/aguabrial/"
"q017","Personnages","moyen","Quel dragon primordial est lié à la terre?","Terrakourial","Terrdala","Masse","Grougaloragran","A","Terrakourial est le dragon primordial de la terre.","/pages/personnages/terrakourial/"
"q018","Personnages","facile","Quel personnage porte le thème de la justice dans son nom?","Chevalier Justice","Gardien justice","Tristepin de la justice","Justice league","A","Le Chevalier Justice est le seul qui existe.","/pages/personnages/chevalier-justice/"
"q019","Personnages","difficile","Dans le duo éliatrope formé autour de Nora, quel dragon tient le rôle de jumeau draconique?","Efrim","Phaéris","Shinonomé","Adamai","A","Efrim est le dragon jumeau de Nora.","/pages/personnages/efrim/"
"q020","Personnages","moyen","Dans la lignée féline des Crépin, qui est son vrai père ?","Atcham","Joris","Inconnue","Dieu Ecaflip","D","C'est bien le Dieu Ecaflip mais Joris est son père adoptif.","/pages/personnages/atcham-crepin/"
"q021","Histoire","facile","Quelle énergie est généralement opposée à la Stasis?","Le Wakfu","Le Feu Blanc","La vie","L'énergie bleu","A","Wakfu et Stasis forment deux forces essentielles et opposées.","/pages/lexique/lexique/"
"q022","Histoire","facile","Quel événement provoque une grande montée des eaux dans le Monde des Douze durant l'ère des Dofus?","Le Chaos d'Ogrest","L'Éliocalypse","L'Aurore Pourpre","Le dégel de Frigost","A","Le Chaos d'Ogrest bouleverse profondément le monde.","/pages/histoire/histoire-chaos-ogrest/"
"q023","Histoire","facile","Quelle ère se déroule après l'âge des Dofus?","L'ère du Wakfu","L'âge primitif","L'ère du Waven","L'âge du Chaos d'Ogrest","A","Le monde subit un cataclysme et change d'ère pour passer à l'ère du Wakfu.","/pages/histoire/histoire-ere-du-wakfu/"
"q024","Histoire","facile","Quelle ère vient après l'ère du Wakfu?","L'ère du Waven","L'âge des Dofus","L'âge primitif","L'ère des Shushus","A","L'Éliocalypse frappe et le monde passe à l'ère du Waven.","/pages/histoire/histoire-ere-du-waven/"
"q025","Histoire","moyen","Quel lieu céleste est associé aux dieux du Krosmoz ?","L'Inglorium","Monde des douze","Incarnam","Ether","A","L'Inglorium est le domaine des divinités.","/pages/lexique/lexique/"
"q026","Histoire","moyen","Quel plan est lié aux démons et aux Shushus?","Le Shukrute","L'Inglorium","Externam","Dimension Obscure","A","Le Shukrute est le monde démoniaque lié aux Shushus.","/pages/lexique/lexique/"
"q027","Histoire","moyen","Quel lieu accueille les ames avant leur incarnation dans le Monde des Douze?","Incarnam","Externam","Astrub","Bonta","A","Incarnam est associé au passage des ames vers l'incarnation.","/pages/lexique/lexique/"
"q028","Histoire","moyen","Quel lieu est associé aux ames des morts?","Externam","Incarnam","Shukrute","Brakmar","A","Externam renvoie au devenir des ames après la mort.","/pages/lexique/lexique/"
"q029","Histoire","moyen","Comment s'appelle l'artefact qui contient le cœur d'Orgonax?","L'éliacube","L'éliasphère","L'Éliabombe","L'Éliaculus","A","L'éliacube est au centre des récits autour d'Orgonax et des éliatropes.","/pages/personnages/orgonax/"
"q030","Histoire","facile","Quelle opposition cosmologique structure l'équilibre profond du Krosmoz?","Wakfu et Stasis","Feu blanc & Feu noir","Bonta et Brakmar","Inglorium et Shukrute","A","Le Wakfu et la Stasis forment une tension cosmologique fondamentale.","/pages/lexique/lexique/"
"q031","Chronologie","facile","Quel univers de jeu est associé au Monde des Douze avant Wakfu?","Dofus","Waven","Krosmaster","Slage","A","Dofus est l'entrée majeure liée à l'âge des Dofus.","/pages/chronologies/chronologie-oeuvres/"
"q032","Chronologie","facile","Quelle série suit principalement Yugo ?","Wakfu","Dofus - Aux trésors de Kérubim","Waven","Abraca","A","Wakfu suit les aventures de Yugo et de la confrérie du tofu.","/pages/chronologies/chronologie-oeuvres/"
"q034","Chronologie","moyen","Dans quel ordre se placent les grandes périodes principales ?","Origines, Dofus, Chaos d'Ogrest, Wakfu, Waven","Waven, Dofus, Origines, Wakfu, Chaos","Dofus, Waven, Origines, Wakfu, Chaos","Wakfu, Origines, Dofus, Waven, Chaos","A","L'histoire du Krosmoz avance des origines en passant par l'âge des Dofus, le cataclysme qui pousse à l'ère Wakfu et enfin Waven.","/pages/histoire/histoire-krosmoz/"
"q036","Chronologie","moyen","Quel oeuvre se passe avant Wakfu  Saison 1?","Ogrest, la légende","Wakfu - Saison 2","Wakfu - Saison 3","Waven","A","Ogrest, la légende se place dans la transition entre l'âge des Dofus et l'ère du Wakfu.","/pages/chronologies/chronologie-oeuvres/"
"q037","Lieux","facile","Quelle cité est souvent opposée à Brakmar ?","Bonta","Shukrute","Srambad","Amakna","A","Bonta et Brakmar forment deux pôles opposés majeurs.","/pages/lexique/lexique/"
"q038","Lieux","facile","Quelle ville sert souvent de point de départ aux aventuriers?","Astrub","Incarnam","Tainela","Inglorium","A","Astrub est un lieu central et accessible du Monde des Douze.","/pages/lexique/lexique/"
"q039","Lieux","facile","Quelle nation est liée à la mer et aux technologies?","Sufokia","Bilbyza","Ereboria","Bonta","A","Sufokia est associée à la mer, aux profondeurs et à la technologie.","/pages/lexique/lexique/"
"q040","Lieux","facile","Quel royaume est lié au peuple Sadida?","Royaume Sadida","Forêt Abraknyde","Bonta","Emelka","A","Le royaume Sadida est le territoire des Sheran Sharm, d'Amalia et de sa famille.","/pages/personnages/amalia-sheran-sharm/"
"q041","Lieux","moyen","Quelle île est liée à la pyramide de Tal Kasha ?","Saharach","Wabbit","Pyramide Ocre","Pandala","A","Tal Kasha est bien dans une pyramide mais à Saharach.",""
"q042","Lieux","facile","Quel mont est fortement lié à Ogrest ?","Mont Zinit","Mont Zini","Mont Zenit","Mont Zonit","A","Le Mont Zinit est un lieu majeur dans l'histoire d'Ogrest.","../assets/histoire/illustrations/mont-zinit.webp"
"q045","Lieux","facile","Quel territoire de Wakfu est connu pour la boutique de Kabrok ?","Kelba","Emelka","Bonta","Katrepat","A","Kelba est la région où Yugo rencontre Kabrok et Miranda.","/pages/regions/amakna/"
"q046","Lieux","difficile","Quelle destination insulaire renvoie à une figure divine simiesque ?","Ile de Moon","Ile des Wabbits","Pandala","Bilbyza","A","Moon est à la fois une figure divine et une destination insulaire connue.","/pages/personnages/moon/"
"q047","Lexique","facile","Qu'est-ce qu'un Dofus dans l'univers du Krosmoz?","Un oeuf de dragon","Un artefact éliatrope","Un monstre","Un événement","A","Les Dofus sont des oeufs de dragon d'une puissance exceptionnelle.","/pages/lexique/lexique/"
"q048","Lexique","facile","Que désigne généralement un Shushu?","Un démon enfermé ou lié à un objet","Un dragon primordial","Un membre de Bonta","Une île gelée","A","Les Shushus sont des entités démoniaques souvent liées à des objets.","/pages/lexique/lexique/"
"q049","Lexique","moyen","Quel terme désigne l'énérgie de vie ?","Feu blanc","Stasis","Feu noir","Ether","A","Le Feu blanc est un terme associé au Wakfu.",""
"q050","Lexique","facile","Quel terme est lié aux merydes ?","Stasis","Wakfu","Dofus","Almanax","C","Les merydes sont lié à l'almanax.","/pages/lexique/lexique/"
"q051","Lexique","moyen","Quel mot est lié au calendrier et aux offrandes quotidiennes?","Almanax","Halloween","Nowel","Pwak","A","L'Almanax est une notion calendaire importante dans l'univers.","/pages/lexique/lexique/"
"q052","Lexique","moyen","Comment appelle-t-on les disciples liés au Dieu Sram ?","Cra","Iop","Xélor","Roublards","D","Certains sont encore fidèles à Raval mais la plupart vénèrent Sram.","/pages/personnages/dieu-sram/"
"q053","Lexique","moyen","Quelle classe est associée au temps ?","Xélor","Huppermage","Voyageurs dimensionnels","Nox","A","Les Xélors manipulent le temps et ses mécanismes.","/pages/personnages/dieu-xelor/"
"q054","Lexique","moyen","Quelle classe est associée à la chance et aux jeux ?","Ecaflip","Ouginak","Kérubim","Ush Galesh","A","Les écaflips sont liés au hasard, aux jeux et à la chance.","/pages/personnages/dieu-ecaflip/"
"q055","Lexique","difficile","Quel peuple ancien convertit le Wakfu en Stasis ?","Les Éliatropes","Les Démons","Les Dieux","Les Méchasmes","D","Les méchasmes ont cette faculté qui leur donne une force inimaginable.","/pages/personnages/grande-deesse-eliatrope/"
"q056","Lexique","moyen","Quel nom se sont donnés les êtres créés par Yugo?","éliotropes","éliatropes","Oropo","Fratrie des oubliés","A","Les éliotropes sont distincts des éliatropes et liés à leur père créateur Yugo.","/pages/personnages/oropo/"
"q057","Objets","facile","Quel objet est porté comme une épée par Tristepin ?","Rubilax","Rushu","Rasha","Excalibur","A","Rubilax est un Shushu utilisé comme arme.","/pages/personnages/rubilax/"
"q058","Objets","facile","Quel objet à rendu fou Noximilien ?","L'éliacube","L'éliasphère","L'ether","Ses horloges","A","L'éliacube est central dans le plan de Nox.","/pages/personnages/nox/"
"q062","Objets","difficile","Que rend Ogrest capable de défier les dieux ?","Les Dofus primordiaux","Les Dofus éliatropes","Le Dofus de glace","Les dragons primordiaux","A","Ogrest réunit les Dofus primordiaux et défait les dieux.","/pages/personnages/ogrest/"
"q063","Peuples","facile","Quel peuple est lié au dieu de la nature et des forêts ?","Les Sadidas","Les Srams","Les Xélors","Les Enutrofs","A","Les Sadidas sont liés à la nature et au royaume Sadida.","/pages/personnages/dieu-sadida/"
"q064","Peuples","facile","Quelle classe est connue pour son goût de l'or et de la prospection ?","Enutrof","Iop","Cra","Pandawa","A","Les Enutrofs sont associés aux trésors et à la recherche de richesses.","/pages/personnages/dieu-enutrof/"
"q065","Peuples","moyen","Quel peuple ou classe se cache souvent dans les ombres ?","Sram","Roublard","Zobal","Huppermage","A","Les Srams sont effectivement liés aux ombres.","/pages/personnages/dieu-sram/"
"q066","Peuples","moyen","Quelle classe est associée au soin et aux mots ?","Eniripsa","Sacrieur","Iop","Ecaflip","A","Les Eniripsas sont liés aux soins et à la parole magique.","/pages/personnages/deesse-eniripsa/"
"q067","Peuples","moyen","Quelle classe est associée à la faune ?","Osamodas","Sadida","Steamer","Ouginak","A","Les Osamodas entretiennent un lien fort avec les créatures.","/pages/personnages/dieu-osamodas/"
"q069","Peuples","facile","Quel peuple ou classe est associé au sacrifice et à la douleur ?","Sacrieur","Féca","Iop","Sram","A","Les Sacrieurs tirent leur identité du sacrifice et de la souffrance.","/pages/personnages/deesse-sacrieur/"
"q070","Peuples","facile","Quelle classe est liée à l'ivresse et à l'équilibre ?","Pandawa","Ecaflip","Enutrof","Ouginak","A","Les Pandawas ont une identité liée à l'art du combat déséquilibrant.","/pages/personnages/deesse-panda/"
"q081","Personnages","facile","Quel personnage est la fille de Tristepin et Évangelyne ?","Elely","Bakara","Flopin","Cabotine","A","Elely appartient à la famille Percedal.","/pages/personnages/elely-de-percedal/"
"q082","Personnages","facile","Quel personnage est le fils de Tristepin et Évangelyne?","Flopin","Goultard","Elely","Karn","A","Flopin est l'un des enfants du couple Percedal.","/pages/personnages/flopin-de-percedal/"
"q083","Personnages","facile","Quel personnage est associé au Boufbowl ?","Kriss la Krass","Joris","Lilotte","Bakara","A","Kriss la Krass est une figure du Boufbowl.","/pages/personnages/kriss-la-krass/"
"q084","Personnages","moyen","Quel personnage est une poupée ou création liée à Ogrest ?","Dathura","Lacrima","Miranda","Aurora","A","Dathura est liée à Ogrest et à la tragédie de son récit.","/pages/personnages/dathura/"
"q085","Personnages","difficile","Quel protecteur de mois est associé à Descendre ?","Djaul","Jiva","Ulgrude","Ménalt","A","Djaul est une figure démoniaque importante et protecteur de Descendre.","/pages/personnages/djaul/"
"q086","Personnages","facile","Quel personnage est souvent associé à Dark Vlad ?","Goultard","Tristepin","Rubilax","Rushu","A","Goultard et Dark Vlad sont liés dans les récits autour du Iop.","/pages/personnages/goultard/"
"q087","Histoire","facile","Quel nom désigne l'univers global partagé par Dofus, Wakfu et Waven?","Le Krosmoz","Le monde des douze","Wakfu","Dofus","A","Le Krosmoz est le cadre global qui relie les œuvres.","/pages/histoire/histoire-krosmoz/"
"q088","Histoire","moyen","Quel duo primordial est au cœur de la mythologie éliatrope ?","La Déesse Éliatrope et le Grand Dragon","Yugo & Adamai","Nora & Efrim","Grougaloragran & Chibi","A","La Déesse Éliatrope et le Grand Dragon sont des figures fondatrices.","/pages/personnages/grande-deesse-eliatrope/"
"q089","Lexique","facile","Quel mot désigne la monnaie principale de l'univers ?","Kama","Ogrine","Orichalque","Wakfu","A","Le Kama est la monnaie emblématique de l'univers Ankama.","/pages/lexique/lexique/"
"q090","Lexique","moyen","Qu'est-ce qui est utilisé habituellement par les douzien pour se téléporter sur le Monde des Douze ?","Zaap","Dragodinde","Potion de retour","Bateau","A","Les Zaaps servent de moyens de déplacement rapides.","/pages/lexique/lexique/"
"q091","Lieux","facile","Quelle nation est souvent associée aux champs et aux campagne ?","Amakna","Emelka","Astrub","Cania","A","Amakna est l'une des grandes nations du Monde des Douze.","/pages/lexique/lexique/"
"q092","Lieux","moyen","Quelle cité est associée aux démons ?","Brakmar","Shukrute","Srambad","Dimension obscure","A","Brakmar représente le pôle sombre face à Bonta.","/pages/lexique/lexique/"
"q093","Objets","facile","Quel objet donne son nom à l'âge des Dofus ?","Les oeufs de dragons","Le jeu Dofus","Les dragons","Les Dieux","A","L'âge des Dofus tourne autour de ces œufs de dragons.","/pages/histoire/histoire-age-des-dofus/"
"q095","Peuples","facile","Quelle classe est connue pour foncer au combat avec bravoure ?","Iop","Sacrieur","Forgelance","Ouginak","A","Les Iops sont associés à la bravoure et au combat direct.","/pages/personnages/dieu-iop/"
"q096","Peuples","moyen","Quelle classe est liée aux armures et à la protection ?","Féca","Pandawa","Forgelance","Iop","A","La protection est au cœur de l'identité Féca.","/pages/personnages/deesse-feca/"
"q099","Chronologie","facile","Quel minerai les Steamers de la nouvelle sufokia recherche t'ils ?","Stasis","Stasili","Wakfuli","Wakfu","B","De la stasis cristalisé dans de la roche offrant une energie énorme aux machines des steamers.","/pages/chronologies/chronologie-historique/"
"q102","Histoire","facile","Quel âge précède principalement l'ère du Wakfu dans la grande chronologie?","L'âge des Dofus","L'ère du Waven","L'âge de Rushu","L'ère de l'Almanax","A","L'âge des Dofus précède les grands bouleversements qui mènent ensuite à l'ère du Wakfu.","/pages/histoire/histoire-age-des-dofus/"
"q104","Personnages","difficile","Quel dragon primordial est associé à l'air?","Aerafal","Aguabrial","Terrakourial","Ignemikhal","A","Aerafal est l'un des dragons primordiaux liés aux grands Dofus.","/pages/personnages/aerafal/"
"q105","Personnages","difficile","Quel dragon primordial est associé au feu ?","Ignemikhal","Grougaloragran","Baltazar","Efrim","A","Ignemikhal est rattaché à l'élément du feu dans les grands récits draconiques.","/pages/personnages/ignemikhal/"
"q115","Lieux","difficile","Quel plan est le domaine des dieux dans la cosmologie du Krosmoz ?","L'Inglorium","L'Ether","Le plan matériel","Incarnam","A","L'Inglorium est associé aux divinités et à leur place dans l'ordre cosmique.","/pages/lexique/lexique/"
"q116","Lieux","difficile","Quel plan est associé aux démons et aux Shushus ?","Le Shukrute","Externam","L'Inglorium","Incarnam","A","Le Shukrute renvoie au monde démoniaque et aux forces liées aux Shushus.","/pages/lexique/lexique/"
"q120","Chronologie","difficile","Quelle période correspond à la création de l'Horloge Divine par Xélor ?","âge 0","An 1","An 27 - 100","An 101 - 129","A","à l'âge 0, Xélor crée l'Horloge Divine et œuvre l'âge des Dofus.","/pages/chronologies/chronologie-historique/"
"q122","Chronologie","facile","à quelle date un cataclysme met fin à l'âge des Dofus et ouvre l'ère du Wakfu ?","An 789","An 750 - 789","An 790 - 832","An 981 - 982","A","L'An 789 marque le début de l'ère du Wakfu après le cataclysme d'Ogrest.","/pages/chronologies/chronologie-historique/"
"q123","Chronologie","facile","Quelle suite d'événements appartient à la période An 965 - 969 ?","Yugo et Adamaï renaissent, puis Grougaloragran confie Yugo à Alibert","Nox est vaincu et Qilby est libéré","Ogrest est apaisé au Mont Zinit","La Source se dévoile à Yugo et Amalia","A","Le grand retour des plus grands héros du Krosmoz !","/pages/chronologies/chronologie-historique/"
"q124","Chronologie","facile","à quelle date Yugo provoque-t-il la création des Éliotropes ?","An 988","An 981 - 982","An 990","An 977","A","La chronologie place cet épisode dans l'OAV Wakfu, en An 988.","/pages/chronologies/chronologie-historique/"
"q125","Chronologie","difficile","Que se passe-t-il en An 1005 dans l'histoire du Krosmoz ?","Les dieux perdent leurs pouvoirs et une entité mystérieuse les traque","Les dieux quittent l'Inglorium après le Chaos d'Ogrest","Les dieux affrontent directement les Nécromes aux côtés de Yugo","Les dieux confient les six Dofus Éliatropes à Joris","A","L'An 1005 correspond aux événements du MMO Waven dans la chronologie.","/pages/chronologies/chronologie-historique/"
"q126","Chronologie","difficile","à quelle date se situent Lancedur et la fin de la malédiction du Ciré Momore ?","An 1023","An 1005","An 1013","An 1032","A","Lancedur est placé en An 1023 dans les repères historiques du Krosmoz.","/pages/chronologies/chronologie-historique/"
"q127","Chronologie","difficile","Quelle période associe paix avec les Méchasmes, Éliacube confié à Qilby et exode à bord du Zinit ?","-11 000 à -10 000","-10 000 à -8 000","-8 000","-7 500 à -352","A","Cette séquence appartient à la période de naissance et de déclin des Éliatropes.","/pages/chronologies/chronologie-historique/"
"q128","Chronologie","difficile","Quelle période regroupe les invasions démoniaques, le sacre d'Allister en tant que roi d'Amakna et la malédiction de Frigost par Djaul ?","An 500 - 567","An 130 - 400","An 626 - 634","An 650 - 711","A","La frise rattache ces désastres et royaumes à la période An 500 - 567.","/pages/chronologies/chronologie-historique/"
"q129","Chronologie","difficile","Que retient l'histoire entre les années 790 et 832, juste après le cataclysme d'Ogrest ?","La reconstruction du monde, la reformation des quatre nations et le don des Havre-Sacs","La reconstruction de Bonta, la chute de Brâkmar et le réveil de Frigost","La reformation des douze classes, le retour des dieux et la paix avec Ogrest","La reconstruction d'Astrub, l'exil de Joris et la fondation de Sufokia","A","Après l'An 789, la reconstruction du monde s'étend sur la période An 790 - 832.","/pages/chronologies/chronologie-historique/"
"q130","Chronologie","difficile","Dans l'ordre historique du Krosmoz, quel événement arrive en premier ?","Toross Mordal détruit son monde et provoque la naissance du Nécromonde","La Déesse Éliatrope est banni","Les méchasmes detruisent les éliatropes une deuxieme fois","Les Éliatropes quittent leur monde à bord du Zinit","A","Le Nécromonde est situé dans l'ère primitive, bien avant l'âge des Dofus et l'ère du Wakfu.","/pages/chronologies/chronologie-historique/"
"q131","Chronologie","facile","Dans quelle période de la chronologie des œuvres se situe Dofus aux trésors de Kérubim ?","âge des Dofus","Transition vers le Wakfu","ère du Wakfu","ère du Waven","A","Le titre garde le nom de l'ère : cette œuvre est classée dans l'âge des Dofus.","/pages/chronologies/chronologie-oeuvres/"
"q132","Chronologie","facile","Dans quelle période de la chronologie des œuvres se situe Wakfu Saison 1 ?","ère du Wakfu","âge des Dofus","Origines","ère du Waven","A","Wakfu - Saison 1 est placée dans l'ère du Wakfu.","/pages/chronologies/chronologie-oeuvres/"
"q133","Chronologie","facile","Dans quelle période de la chronologie des œuvres se situe Lancedur ?","Début de l'ère Waven","Fin de l'ère Wakfu","âge des Dofus","Origines","A","Lancedur se trouve à l'ère Waven dans la chronologie des œuvres.","/pages/chronologies/chronologie-oeuvres/"
"q134","Chronologie","facile","Malgrà son titre, à quelle période se trouve Island of Wakfu ?","Origines","ère du Wakfu","Transition vers le Wakfu","Fin de l'ère Wakfu","A","Island of Wakfu est placé aux Origines, ce qui en fait une question piégeuse.","/pages/chronologies/chronologie-oeuvres/"
"q135","Chronologie","facile","Où se situe One More Gate : A Wakfu Legend dans la chronologie des œuvres?","Transition vers le Wakfu","ère du Wakfu","Début de l'ère Waven","âge des Dofus","A","One More Gate: A Wakfu Legend est placé dans la transition vers le Wakfu.","/pages/chronologies/chronologie-oeuvres/"
"q136","Chronologie","facile","Quel oeuvre traitant Ogrest apparaît avant le début de l'ère Wakfu ?","Ogrest - épisodes 25 à 35","Ogrest - épisodes 36 à 43","Ogrest la Legende","Wakfu - La Grande Vague","A","Les épisodes 25 à 35 sont encore dans la transition vers le Wakfu, avant les épisodes 36 à 43.","/pages/chronologies/chronologie-oeuvres/"
"q137","Chronologie","moyen","Quelle œuvre est placée dans les premiers récits de l'age Dofus ?","Kérubim","Dofus - Manga","Dofus le film","Pandala","A","Kérubim fait partie des premiers récits Dofus dans la chronologie des œuvres.","/pages/chronologies/chronologie-oeuvres/"
"q139","Chronologie","difficile","Quelle œuvre est placée après Lancedur dans la chronologie des œuvres ?","Bestiale","Wakfu - La Grande Vague","Waven","Ogrest - Tome 4","A","Bestiale est située après Lancedur dans l'ère du Waven.","/pages/chronologies/chronologie-oeuvres/"
"q140","Chronologie","facile","Quel est le bon ordre dans la chronologie des œuvres ?","Wakfu S1, Wakfu S2, Wakfu OAV, Wakfu S3","Wakfu OAV, Wakfu S1, Wakfu S2, Wakfu S3","Wakfu S3, Wakfu OAV, Waven, Bestiale","Wakfu S2, Wakfu S3, Wakfu OAV Oropo, Waven","A","La frise place les saisons 1 et 2 avant les OAV, puis la saison 3 dans la fin de l'ère Wakfu.","/pages/chronologies/chronologie-oeuvres/"
"q141","Chronologie","difficile","Quelle œuvre est placée aux Origines dans la chronologie des œuvres ?","Goultard le Barbare","Dofus Arena","Dofus Monster : Le Corbeau Noir","Dofus : Julith","A","Goultard le Barbare est listé parmi les œuvres des Origines.","/pages/chronologies/chronologie-oeuvres/"
"q142","Chronologie","facile","Dans quelle période se situe Wakfu S4 ?","Fin de l'ère Wakfu","ère du Wakfu","Début de l'ère Waven","âge des Dofus","A","Le titre garde le nom de l'ère et la frise place la saison 4 dans la fin de l'ère Wakfu.","/pages/chronologies/chronologie-oeuvres/"
"q143","Personnages","difficile","En quelle année Anathar dirige les armées de Rushu lors de la première invasion des Shushus ?","An 24","An 10","An 25","An 132","A","La biographie d'Anathar situe cette première invasion des Shushus en l'an 24.","/pages/personnages/anathar/"
"q145","Personnages","difficile","En quelle année Simone arrive à Astrub pour répondre à l'offre d'emploi de Kérubim Crépin ?","An 397","An 400","An 513","An 636","A","Simone arrive à Astrub en l'an 397 pour travailler chez Kérubim.","/pages/personnages/simone/"
"q146","Personnages","difficile","Quelle année Julith récupére le Dofus Ébène ?","An 400","An 397","An 350","An 647","A","En l'an 400, Julith revient récupérer le Dofus Ébène et le passé de Kérubim le rattrape.","/pages/personnages/kerubim-crepin/"
"q147","Personnages","difficile","En quelle année Uk'Not'Allag envahit Amakna ?","An 505","An 513","An 551","An 636","A","Uk'Not'Allag quitte la Shukrute à la tête d'une armée démoniaque en l'an 505.","/pages/personnages/uk-not-allag/"
"q148","Personnages","difficile","Quel événement la biographie d'Uk'Not'Allag place en l'an 636 ?","L'évasion d'Uk'Not'Allag","L'invasion initiale d'Amakna par Uk'Not'Allag","Le couronnement d'Allister comme roi d'Amakna","La fondation de Bonta par Jiva","A","La bio nomme l'an 636 comme celui de L'évasion d'Uk'Not'Allag.","/pages/personnages/uk-not-allag/"
"q149","Personnages","difficile","Dans la biographie du Comte Harebourg, que provoque Djaul en 551 ?","Il piége Frigost dans un hiver perpétuel","Il demande Amalia en mariage","Il rejoint la fratrie des oubliés","Il libère Ombre","A","En 551, Djaul se venge et enferme Frigost dans un hiver perpétuel.","/pages/personnages/comte-harebourg/"
"q150","Personnages","difficile","En quelle année la Fratrie organise un tournoi sur Frigost ?","An 666","An 650","An 711","An 789","A","Sipho participe au tournoi de la Fratrie sur Frigost en l'an 666.","/pages/personnages/sipho/"
"q151","Personnages","difficile","En quelle année Yugo renaît sur l'île d'Oma avant d'être confié à Alibert ?","969","970","988","989","A","Yugo naît une nouvelle fois en 969 sur l'île d'Oma.","/pages/personnages/yugo/"
"q152","Personnages","difficile","En quelle année la Confrérie du Tofu arrive-t-elle à Katrepat dominée par le Comte Vampyro ?","An 981","An 982","An 983","An 988","A","La Confrérie arrive à Katrepat en l'an 981 et découvre la cité dominée par Vampyro.","/pages/personnages/vampyro/"
"q153","Personnages","difficile","Quel événement la biographie de Vampyro situe en l'an 982 ?","Katrepat devient Rubilaxia quand Rubilax contrôle le corps de Tristepin","La Confrérie du Tofu découvre le manoir de Vampyro","Dark Vlad apparaît lors de l'invasion des Shushus","Yugo renaît sur l'île d'Oma","A","En l'an 982, Katrepat devient Rubilaxia sous l'emprise de Rubilax.","/pages/personnages/vampyro/"
"q154","Personnages","difficile","Que se passe-t-il en 983 pendant l'anniversaire de Yugo et Adamaï ?","Jiva attaque la Confrérie du Tofu pour obtenir les Dofus Éliatropes","Jiva fonde Bonta avec Pouchecot et Ménalt","Jiva offre le dofus des glaces a Yugo","Jiva demande de l'aide a Yugo","A","En 983, Jiva attaque les héros et réclame les six Dofus Éliatropes.","/pages/personnages/jiva/"
"q155","Personnages","facile","Quel événement marque le début de la vie de Yugo auprès des humains ?","Grougaloragran le confie à Alibert dans le village d'Emelka","Oropo l'enferme dans la Dimension Blanche","Djaul l'envoie à Brâkmar","Jiva le place dans un sarcophage de glace","A","Yugo est confié par Grougaloragran à Alibert afin de grandir parmi les humains.","/pages/personnages/yugo/"
"q156","Personnages","facile","Quelle épreuve finit par donner à Yugo une apparence adulte selon sa biographie ?","Les Nécromes consomment son Wakfu et accélèrent sa croissance","Toross le fait grandir pour absorber plus de Wakfu","Il fusionne avec les eliotropes","L'eliasphere le fait grandir","A","La menace des Nécromes altère le corps de Yugo et accélère sa croissance.","/pages/personnages/yugo/"
"q157","Personnages","facile","Quel acte de Qilby permet de sauver Yugo des griffes de Toross Mordal ?","Il utilise l'Éliasphère et sacrifie sa propre vie","Il utilise l'Eliacube et se sacrifie","Il utilise les Dofus Eliatropes et se sacrifie","Il utilise de la Stasis et perd le contrôle","A","Qilby utilise l'Éliasphère pour arracher Yugo à Toross Mordal, au prix de sa vie.","/pages/personnages/yugo/"
"q158","Personnages","facile","Comment Yugo conclut-il son parcours après la victoire contre les Nécromes ?","Il épouse Amalia et devient souverain des Éliatropes restés avec lui","Il est sacré Roi des Eliatropes","Il rentre sur Emelka","Il confie ses dofus aux dirigeants du monde","A","Après la guerre, Yugo épouse Amalia et assume un rôle de souverain auprès des Éliatropes.","/pages/personnages/yugo/"
"q159","Personnages","difficile","Quel événement donne naissance à Ogrest selon sa biographie ?","Otomaï le façonne à partir d'ogrines","Otomaï le façonne à partir d'orichalque","Otomaï le ranime grâce au coeur de Dathura","Otomaï l'extrait du cœur en ogrine de Dathura","A","Ogrest naît d'une expérience d'Otomaï réalisée à partir d'un gland et d'une ogrine.","/pages/personnages/ogrest/"
"q160","Personnages","difficile","Quel geste d'Ogrest ramène Dathura à la vie ?","Ses larmes réparent le cœur","Les six Dofus réparent le cœur","Otomaï remplace le cœur","Le Dofus des Glaces ranime le cœur","A","Les larmes d'Ogrest réparent le cœur en ogrine de Dathura et la raniment.","/pages/personnages/ogrest/"
"q161","Personnages","difficile","Que subit Ogrest après avoir tenté de s'emparer du Dofus des Glaces ?","Il reste emprisonné dans la glace pendant plus d'un siècle avec Dathura","Il reste isolé au sommet du Zinit pendant plus d'un siècle avec Dathura","Il est enfermé dans une prison temporelle de Frigost avec Dathura","Il perd Dathura dans les glaces avant de rejoindre le Mont Zinit","A","Après l'épisode de Frigost, Ogrest demeure prisonnier de la glace avec Dathura pendant plus d'un siècle.","/pages/personnages/ogrest/"
"q162","Personnages","facile","Comment Otomaï met-il fin à l'influence des Dofus sur Ogrest lors du combat au Zinit?","Il pénètre dans le corps d'Ogrest pour lui retirer les Dofus Primordiaux","Il détruit le Mont Zinit","Il échange Ogrest contre l'Éliacube","Il confie Ogrest à la Fratrie des Oubliés","A","Otomaï parvient à retirer les Dofus Primordiaux du corps de son fils adoptif.","/pages/personnages/ogrest/"
"q163","Personnages","facile","Quel objet le chien de Noximilien découvre-t-il avant la chute de Nox ?","L'Éliacube","Un Dofus","La Clepsydre","Un pouvoir de Xelor","A","Igôle découvre l'Éliacube, l'artefact qui nourrit l'obsession de Noximilien.","/pages/personnages/nox/"
"q164","Personnages","facile","Quelle perte pousse Noximilien à vouloir remonter le temps ?","Sa famille meurt lorsque le Chaos d'Ogrest engloutit son refuge","Il a pas pu finir ses travaux de son vivant","Il recherche sa famille disparu dans le krosmoz","Detruire Ogrest pour venger sa famille","A","Nox devient fou après la mort de sa famille pendant le Chaos d'Ogrest.","/pages/personnages/nox/"
"q165","Personnages","facile","Quel lieu Nox attaque-t-il pour absorber le Wakfu du peuple Sadida ?","L'Arbre de Vie du Royaume Sadida","Grougaloragran","Le Palais du royaume Sadida","La grande Horloge","A","Nox s'en prend à l'Arbre de Vie pour accumuler assez de Wakfu.","/pages/personnages/nox/"
"q166","Personnages","facile","Quel résultat dérisoire obtient Nox après deux siècles d'accumulation de Wakfu ?","Retour en arrière de 20 minutes","Rien","Il sauve sa famille","Il s'anéanti","A","Toute l'énergie accumulée par Nox ne lui permet de remonter le temps que de vingt minutes.","/pages/personnages/nox/"
"q167","Personnages","difficile","Quelle particularité rend l'existence de Qilby insupportable ?","Il se souvient de tout au fin des réincarnation","Il devient fou au fil des réincarnations","Il ne peut pas mourir","Il ne peut s'empêcher de trahir les siens","A","Contrairement aux autres Éliatropes, Qilby conserve la mémoire parfaite de ses vies.","/pages/personnages/qilby/"
"q168","Personnages","difficile","Quel acte attribué à Qilby déclenche la tragédie avec les Méchasmes ?","Le cœur d'Orgonax lui est confié","Le cœur d'Orgonax lui est volé","Le cœur d'Orgonax est confié à Shinonomé","Le cœur d'Orgonax est brisé par Qilby pour alimenter le Zinit","A","La biographie de Qilby rattache l'Éliacube au cœur d'Orgonax et à la guerre contre les Méchasmes.","/pages/personnages/qilby/"
"q169","Personnages","facile","Que tente Qilby a la fin de la saison 2 de Wakfu ?","Drainer le Wakfu du Monde","Une invasion a l'aide de Rushu","Retrouver son Dofus","Detruire les enfants eliatropes","A","Qilby veut utiliser le Wakfu du monde pour relancer le Zinit et repartir vers les étoiles.","/pages/personnages/qilby/"
"q170","Personnages","facile","Où Qilby est-il renvoyé après sa défaite contre Yugo ?","Dimension Blanche","Shukrute","Dimension Obscure","Inglorium","A","Après sa défaite, Qilby est renvoyé dans la Dimension Blanche.","/pages/personnages/qilby/"
"q171","Personnages","difficile","Quelle épreuve transforme Kérubim en favori du dieu Écaflip ?","Il tente de remplacer un œuf de Truche","Il tente de remplacer un Dofus perdu","Il mise tout ce qu'il à dans un tripot d'Ecaflip City","Il vole un œuf de Truche pour sauver Atcham et bluffe Écaflip","A","Écaflip est séduit par l'audace de Kérubim lorsqu'il tente de bluffer avec un faux ouf.","/pages/personnages/kerubim-crepin/"
"q172","Personnages","difficile","Quelle malédiction poursuit Kérubim après son vol dans le trésor de Cire Momore ?","Cire Momore le traque sans relâche","Le trésor de Cire Momore attire les Shushus sur sa route","L'épée de Cire Momore revient le défier à chaque victoire","La malédiction de Cire Momore transforme ses trophées en piâges","A","Après ce vol, Kérubim est poursuivi par l'armure vivante de Cire Momore.","/pages/personnages/kerubim-crepin/"
"q173","Personnages","difficile","Quelle leçon le Baron inflige-t-il à Kérubim à Écaflip City ?","Il lui fait tout perdre pour le punir d'utiliser sa chance aux jeux","Il lui fait perdre fortune, boutique et Dofus Ébène lors d'une partie de poker","Il lui fait miser sa famille et ses souvenirs à Écaflip City","Il lui fait perdre ses neuf vies dans une partie truquée","A","Le Baron, en réalité Écaflip, pousse Kérubim à perdre tout ce qu'il avait misé pour lui donner une leçon de vie.","/pages/personnages/kerubim-crepin/"
"q174","Personnages","difficile","Quel sacrifice accomplit detruit Jahash ?","Il frappe le Dofus Ébène avec le Dofus Ivoire et meurt dans l'explosion","Il absorbe le Dofus Ébène avec le Dofus Ivoire et disparaît dans l'explosion","Il confie le Dofus Ivoire à Julith pour contenir le Dofus Ébène","Il enferme le Dofus Ébène dans le Dofus Ivoire au prix de sa vie","A","Jahash neutralise le Dofus Ébène avec le Dofus Ivoire au prix de sa vie.","/pages/personnages/joris-jurgen/"
"q175","Personnages","difficile","Quel événement transforme l'apparence de Joris enfant ?","L'âme de Grougalorasalar entre dans son corps","L'âme de Grougalorasalar se lie au Dofus Ébène qu'il porte","Le souffle de Grougalorasalar marque son corps après l'explosion","Le Dofus Ébène fusionne son âme avec celle de Grougalorasalar","A","L'âme de Grougalorasalar se réfugie dans Joris après la fissure du Dofus Ébène.","/pages/personnages/joris-jurgen/"
"q176","Personnages","difficile","Quel rôle Joris accepte-t-il après la récupération des six Dofus Éliatropes ?","Il accepte de les cacher pour éviter qu'ils tombent entre de mauvaises mains","Il accepte de les confier à Phaéris pour les éloigner des dieux","Il accepte de les remettre à Yugo après les avoir protégés","Il accepte de les sceller à Bonta pour empêcher une nouvelle guerre","A","Joris accepte de cacher les six Dofus Éliatropes après leur récupération.","/pages/personnages/joris-jurgen/"
"q177","Personnages","difficile","Quel événement marque la naissance officielle de Dark Vlad ?","La mort d'Algathe et la rage de Goultard pendant l'invasion des Shushus","La disparition d'Algathe et la possession de Goultard par Rushu","La mort de Cabotine et la colère de Goultard contre les Shushus","La trahison d'Hyrkul et l'exil de Goultard sur Grobe","A","Dark Vlad âmerge lorsque Goultard sombre dans la rage après la mort d'Algathe.","/pages/personnages/dark-vlad/"
"q178","Personnages","difficile","Quelle malédiction Dark Vlad inflige-t-il à l'île de Grobe ?","Il y déchaîne le Feu Noir et réveille les esprits des morts","Il y libère le Feu Noir et attire les Shushus du Shukrute","Il y cache le Feu Noir dans les tombes des anciens guerriers","Il y répand le Feu Noir pour y enfermer l'âme de Goultard","A","Dark Vlad libère le Feu Noir sur Grobe, transformant l'île en terre hantée.","/pages/personnages/dark-vlad/"
"q179","Personnages","facile","Qui permet à Goultard de reprendre le contrôle après le retour de Dark Vlad dans la Tour des Rêves ?","Tristepin de Percedal","Yugo","Elely","Oropo","A","Tristepin vainc Dark Vlad et permet à Goultard de reprendre le contrôle.","/pages/personnages/dark-vlad/"
"q180","Personnages","facile","Quelle décision d'Adamaï provoque une rupture avec Yugo ?","Il refuse que Yugo utilise les Dofus Éliatropes","Il donne Rubilax à Rushu","Il détruit l'Arbre de Vie","Il enferme Alibert à Brâkmar","A","Adamaï considère l'usage des Dofus Éliatropes comme trop dangereux, ce qui crée une fracture avec Yugo.","/pages/personnages/adamai/"
"q181","Personnages","facile","Pourquoi Adamaï rejoint-il un temps la Fratrie des Oubliés ?","Il est convaincu que Yugo a eu tord d'utilisé les Dofus","Oropo est le véritable Yugo a ses yeux","Il veut renverser les Dieux","Il veut anéantir Yugo et la confrérie","A","Après sa rupture avec Yugo, Adamaï trouve un nouveau sens auprès d'Oropo et de la Fratrie.","/pages/personnages/adamai/"
"q182","Personnages","facile","Quel choix de Grougaloragran sépare l'enfance de Yugo et celle d'Adamaï ?","Il confie Yugo à Alibert et élève Adamaï lui-même sur l'île d'Oma","Il envoie Yugo chez Djaul et Adamaï chez Rushu","Il donne Adamaï au Comte Harebourg","Il laisse les deux jumeaux dans la Dimension Blanche","A","Grougaloragran choisit de confier Yugo à Alibert tout en élevant Adamaï.","/pages/personnages/grougaloragran/"
"q183","Personnages","facile","Que fait Grougaloragran avant d'affronter Nox seul sur l'île d'Oma ?","Il téléporte Yugo, Adamaï et leurs alliés en lieu sûr","Il donne l'Éliacube à Nox","Il rejoint Oropo dans sa tour","Il transforme Rubilax en bouclier","A","Grougaloragran protège les enfants et leurs alliés avant de combattre Nox seul.","/pages/personnages/grougaloragran/"
"q184","Personnages","difficile","Pourquoi Nora appelle-t-elle la Déesse Éliatrope lors de la seconde invasion des Méchasmes ?","Elle assiste à l'effondrement de son peuple et supplie sa mère d'intervenir","Elle voit Efrim tomber face aux Méchasmes et supplie sa mère d'intervenir","Elle comprend que Qilby a condamné le peuple et appelle sa mère au secours","Elle tente de sauver le Zinit en appelant la Grande Déesse Éliatrope","A","Face au massacre de son peuple, Nora appelle sa mère, provoquant une explosion de Wakfu.","/pages/personnages/nora/"
"q185","Personnages","facile","Quelle conséquence la quête de Nora dans le Nécromonde a-t-elle pour Efrim ?","Efrim meurt et devient nécrome","Efrim se perd dans le krosmoz","Efrim se fait convaincre par Toross","Efrim n'existe plus","A","Nora libère sa mère, mais Efrim reste prisonnier du Nécromonde.","/pages/personnages/nora/"
"q186","Personnages","facile","Qui libère Nora lorsqu'elle est emprisonnée dans la pierre durant l'invasion des Nécromes ?","Joris, Goultard et Yugo","Petite bonhomme, Goultard et Kerubim","Goultard, Qilby et Yugo","Ush, Joris et Goultard","A","Nora est libérée par Joris, Goultard et Yugo pendant la bataille finale.","/pages/personnages/nora/"
"q187","Personnages","difficile","Quel sacrifice Phaéris accepte-t-il face à Jiva ?","Il accepte de mourir pour que Jiva épargne les autres Éliatropes","Il accepte de remettre les Dofus pour que Jiva épargne les autres Éliatropes","Il accepte de rester prisonnier pour que Jiva épargne les enfants Éliatropes","Il accepte de trahir Yugo pour que Jiva épargne les dragons","A","Phaéris accepte la mort afin de protéger ceux qu'il a défendus durant des siècles.","/pages/personnages/phaeris/"
"q188","Personnages","facile","Quelle décision d'Amalia montre sa maturité face au Comte Harebourg ?","Elle accepte un mariage arrangé pour sauver son peuple puis refuse d'être un pion","Elle donne l'Arbre de Vie à Nox","Elle abandonne définitivement le Royaume Sadida","Elle rejoint Rushu dans la Shukrute","A","Amalia accepte d'abord le mariage par devoir, puis s'oppose au plan caché de Harebourg.","/pages/personnages/amalia-sheran-sharm/"
"q189","Personnages","facile","Quel acte politique Amalia accomplit-elle pendant la guerre contre les Nécromes ?","Elle accueille les Éliatropes et unit deux peuples contre l'invasion","Elle s'autoproclame reine des Sadidas","Elle bannit Aurora du Royaume","Elle demande de battre en retraite","A","Amalia unit Sadidas et Éliatropes face aux Nécromes.","/pages/personnages/amalia-sheran-sharm/"
"q190","Personnages","facile","Que fait Évangelyne après la disparition de Tristepin ?","Elle entend Tristepin qui lui demande de le retrouver","Elle veut écrire des livres sur Tristepin","Elle part en voyage","Elle devient la matriarche des Cra","A","Évangelyne refuse d'abandonner Tristepin et force Rubilax à rendre son corps.","/pages/personnages/evangelyne/"
"q191","Personnages","facile","Quelle révélation bouleverse Évangelyne au sujet de ses origines ?","Elle découvre que son père vient d'une lignée d'assassins","Elle apprend que sa mère les a abandonnés","Elle découvre qu'elle est une demi-déesse Cra","Elle comprend que Cléophée n'est pas sa soeur","A","La découverte de l'héritage de Madagaskan force Évangelyne à rejeter une lignée violente.","/pages/personnages/evangelyne/"
"q192","Personnages","facile","Quelle identité Tristepin finit-il par accepter après son affrontement contre Dark Vlad ?","Sa nature de Dieu Iop","Son rôle de Père de Goultard","Son passé","Sa place sur l'Inglorium","A","L'affrontement avec Dark Vlad aide Tristepin à assumer pleinement sa nature divine.","/pages/personnages/tristepin/"
"q193","Personnages","facile","Quel choix prouve que Ruel peut faire passer ses amis avant sa richesse ?","Il accepte qu'Arpagone ait fait don de sa richesse aux defavorisés","Il passe beaucoup de temps a la taverne d'Emelka avec Alibert","Il n'abandonne jamais Yugo dans ses aventures","Il s'unit a Kamasutar pour devenir un Phorzerker","A","Ruel finit par accepter qu'Arpagone lui ait tout volé et pars retrouver son dernier trésor, son lien avec Yugo.","/pages/personnages/ruel-stroud/"
"q194","Personnages","difficile","Quel événement force Oropo à reconnaître la vraie famille qu'il a négligée ?","Écho oblige Oropo a choisir entre ses ambitions et son coeur","Écho révèle les manigances d'Oropo","Écho meurt","Écho change de camp","A","Quand Écho propulse tout le monde dans l'Inglorium et anéanti le plan d'Oropo, il comprend trop tard qu'il a sacrifié ceux qui l'aimaient vraiment.","/pages/personnages/oropo/"
